"TOKEN";"REFTEXT"
"AB_ARMORY";"ARMORY"
"AB_AUTOSET";"AUTOSETTINGS"
"AB_CHGN";"Change Nickname"
"AB_CONTINU";"CONTINUE"
"AB_CREDITS";"CREDITS"
"AB_DCKCOPY";"COPY"
"AB_DCKEDIT";"EDIT"
"AB_DCKEXPO";"EXPORT"
"AB_DCKIMPO";"IMPORT"
"AB_DCKREMO";"DELETE"
"AB_DCKRENA";"RENAME"
"AB_DCKVIEW";"VIEW"
"AB_GAMJOIC";"USE INVITE CODE"
"AB_GAMJOIN";"JOIN"
"AB_GAMOBS";"SPECTATE"
"AB_GLREFR";"REFRESH"
"AB_GLREJO";"BACK TO LOBBY"
"AB_GUIDE";"#blue{MANUAL}"
"AB_HELP";"HELP"
"AB_LAUNCH";"LAUNCH"
"AB_LOADGAM";"LOAD GAME"
"AB_LOADING";"LOAD"
"AB_MODAPPL";"APPLY"
"AB_MODBROW";"BROWSE"
"AB_MODCENT";"MOD CENTER"
"AB_MODREFR";"REFRESH"
"AB_MODREVE";"REVERT"
"AB_MULTI";"MULTIPLAYER"
"AB_NSAVE";"NEW SAVE"
"AB_OPAPPLY";"APPLY"
"AB_OPAUDIO";"AUDIO"
"AB_OPCANCL";"CANCEL"
"AB_OPCONTR";"CONTROLS"
"AB_OPDEFAU";"DEFAULT"
"AB_OPGPLAY";"GAMEPLAY"
"AB_OPGUI";"INTERFACE"
"AB_OPTIONS";"OPTIONS"
"AB_OPVID";"VIDEO"
"AB_PRIVPOL";"PRIV. POL."
"AB_QUIT";"QUIT"
"AB_QUITGAM";"EXIT"
"AB_RESTART";"RESTART"
"AB_SAVE";"SAVE"
"AB_SAVEDIS";"Action in progress"
"AB_SAVEGAM";"SAVE GAME"
"AB_SAVER";"SAVE REPLAY"
"AB_SOLO";"SOLO"
"ADDIA";"Add AI"
"ALLCHAN";"[ INTO #cyan{%1} CHANNEL ]"
"ARADDU";"+"
"ARM_HHUD";"Hide HUD"
"ARM_MOV";"Movement"
"ARM_NBU";"Units: %1"
"ARM_ROL";"Role"
"ARRMVU";"×"
"AllCntr";"All nations"
"AllDiv";"All divisions"
"Ask_INVITC";"Please enter the invite code that a friend shared with you"
"Auto_Dck";"Chosen Battlegroup:"
"Auto_Prm";"Include premade battlegroups in the list"
"Auto_Rck";"Your current rank:"
"BTFPLYNB";"[%1P]"
"BTN_ACCEPT";"ACCEPT"
"BTN_BACK";"BACK"
"BTN_CANCEL";"CANCEL"
"BTN_CHANGE";"CHANGE"
"BTN_CLOSE";"CLOSE"
"BTN_CONFIR";"CONFIRM"
"BTN_CONNEC";"CONNECT"
"BTN_CPYCOD";"COPY CODE"
"BTN_CREATE";"CREATE"
"BTN_FILCAP";"FILTERS"
"BTN_LINK";"LINK"
"BTN_NEXT";"NEXT"
"BTN_OK";"OK"
"BTN_RETRY";"RETRY"
"BTN_smail";"SEND E-MAIL"
"Birthdate";"Date of birth"
"CATEGNB";"[%1]"
"CB_CREATE";"CREATE"
"CB_INVCOD";"INVITE CODE"
"CLS_LAUNCH";"LAUNCH"
"CL_DEFVAL";"-"
"CL_DIFF";"%1"
"CL_DOWNLO";"DOWNLOAD"
"CL_GAMLVL";"LEVEL REQUIRED"
"CL_GAMMAP";"MAP"
"CL_GAMMODE";"MODE"
"CL_GAMNAME";"GAME NAME"
"CL_GAMPLNB";"PLAYERS"
"CL_GAMRUL";"RULES"
"CL_GAMSTS";"STATUS"
"CL_MOD";"MOD"
"CL_counb";"Displays the main nation played during the Operation."
"CL_durab";"Displays the average duration of the Operation.

Short: 15-20 minutes
Medium: 25-35 minutes
Long: 40+ minutes"
"CL_nameb";"Displays the name of the Operation."
"CL_statb";"Displays the highest level of difficulty in which you have successfully completed the Operation."
"CONERROR";"Connection error"
"CP_CHGPASS";"Change password"
"CP_FIRSTCO";"CREATE"
"CreAcc_Nw";"I accept to receive the Eugen Systems' Newsletter"
"CtrBEL";"Belgium"
"CtrCAN";"Canada"
"CtrDDR";"East Germany"
"CtrDK";"Denmark"
"CtrESP";"Spain"
"CtrFR";"France"
"CtrLUX";"Luxembourg"
"CtrNL";"Netherlands"
"CtrPOL";"Poland"
"CtrRFA";"West Germany"
"CtrSOV";"Soviet Union"
"CtrTCH";"Czechoslovakia"
"CtrUK";"United Kingdom"
"CtrUS";"USA"
"DB_ALLIA";"ALLIANCE"
"DB_EMBLEM";"EMBLEM"
"DB_FLAG";"NATION"
"DB_NAME";"NAME"
"DB_UTYPE";"TYPE"
"DCKO_ACTIV";"Activation Points"
"DCKO_FMT";"%1/%2"
"DCKO_FMTC";"%1"
"DCKO_FMTM";"/%1"
"DCKO_FMTT";"+%1"
"DCKO_UNIT";"Units:"
"DC_DCKNAM";"BATTLEGROUP NAME"
"DECKACTPOB";"Displays the number of Activation Points used against the maximum available amount."
"DECKACTPOE";"Filling a slot in your Battlegroup costs 1 Activation Point. Once you have used all Activation Points, you won't be able to add any other unit to your Battlegroup, even if slots remain open."
"DECKACTPOT";"ACTIVATION POINTS"
"DIVFORMAT";"%1/%2"
"DIVSEL_DLC";"#green{*%1 DLC*}"
"DIV_HIST";"HISTORY"
"DIV_RESET";"Reset filters"
"DIV_SUMM";"GAMEPLAY"
"DIV_unit";"SIGNATURE UNITS"
"DI_DCKCOP";"Battlegroup has been copied to clipboard"
"DI_DCKEXPO";"EXPORT A BATTLEGROUP"
"DI_DCKIMPO";"IMPORT A BATTLEGROUP"
"DLC";"DLC"
"DLC_USE";"You are about to use a setting or option from downloadable content or expansion. All players who don't own this content will be kicked.

Do you want to continue?"
"DLS_DIVIS";"DIVISION"
"DLS_DNAME";"BATTLEGROUP NAME"
"DS_SELECT";"SELECT"
"EG_BASEXP";"Total Base XP"
"EG_CONQUES";"Conquest bonus"
"EG_ELAPSED";"Elapsed time:"
"EG_GAMEM";"Game modifier"
"EG_KILLS";"Kills"
"EG_KILLSB";"Kills bonus"
"EG_LOSSES";"Losses"
"EG_LOSSESB";"Losses bonus"
"EG_Level";"LEVEL: %1"
"EG_MHIST";"CHRONOLOGY"
"EG_MKILLS";"KILLS"
"EG_MLOSSES";"LOSSES"
"EG_MODIF";"Modifiers"
"EG_MPLAY";"Players"
"EG_SBTE";"%1"
"EG_SBTS";"%1 %2"
"EG_SBTT";"Score By Team"
"EG_TFSCon";"Resulting in:"
"EG_TIME";"TIME"
"EG_TOTGXP";"Total Game XP"
"EG_TOTXP";"TOTAL XP"
"EG_UPCDT";"Time spent"
"EG_UPCDX";"Operation XP"
"EG_UPCVN";"Operation succeeded"
"EG_UPDPRC";"Profile Update (common)"
"EG_UPDPRS";"Profile Update (%1)"
"EG_UPRA";"Order per minutes"
"EG_UPRB";"Best hero (most kills)"
"EG_UPRC";"Kill contribution"
"EG_UPRR";"Kill ratio"
"EG_UPRU";"Most deployed units"
"EG_UPSDG";"Total Skirmish games"
"EG_UPSDT";"Time spend"
"EG_UPSDX";"Skirmish XP"
"EG_UPSVA";"Victories against %1 level AI"
"EG_UPSVN";"Victories"
"EG_UPSVR";"Victory ratio (%1)"
"EG_UPSVW";"Games with %1"
"EG_VALUE";"Value"
"EG_VICTLVL";"Victory level"
"EG_WINSTRK";"Win streak"
"EG_WINS_BO";"(affects following bonuses)"
"EG_score";"(Final score: %1 vs %2)"
"EG_xpd";"EXPERIENCE ACQUIRED"
"ENDBKL";"Kills & Losses"
"ENDBOV";"Score"
"ENDBPR";"Profile"
"ENDBXP";"Experience"
"ETG_log";"Forgot your login?
 Enter your email below and click on the button to have the system send it to you."
"ETG_pas";"Forgot your password?
Enter your email address and click on the button below.
 A retrieval code will be sent to email."
"FLTDK_ALLY";"NATO"
"FLTDK_AXE";"Warsaw Pact"
"FR_ACCEPT";"ACCEPT"
"FR_DECLIN";"DECLINE"
"FR_JOIN";"JOIN"
"FR_REMOVE";"REMOVE"
"GRL_ALRB";"This map is far too small for the number of players involved.
This configuration is absolutely not advised."
"GRL_ALRT";"Alert:"
"GRL_DLCB";"This map is part of a DLC."
"GRL_DLCT";"DLC"
"GRL_OBST";"This game allows any player to spectate it by clicking the Spectate button."
"GRL_WARB";"This map is too small for the number of players involved.
The game experience will not be optimal."
"GRL_WART";"Warning:"
"GS_ACCESS";"Accessibility"
"GS_ACCESSB";"This setting allows you to modify the lobby's privacy rules."
"GS_ACCESSE";"PUBLIC means your game will be visible by any player. PRIVATE means your game is only accessible by your friends and invited players."
"GS_BATTLEB";"This setting allows you to select a map from the list of available ones."
"GS_BATTLEF";"Battlefield"
"GS_CMBRLDB";"This setting allows you to modify the combat rules.

CONQUEST mode favors territory control. Each Command Zone provides Conquest Points per second. The first side to reach the Conquest Point objective wins the game.

DESTRUCTION mode favors the destruction of units. Destroying enemy units earns Destruction Points according to their cost. The first side to reach its Destruction Point objective wins the game."
"GS_CMBRLDE";"Combat Rules"
"GS_INCOMRA";"Income rate factor"
"GS_INCOMRB";"This parameter allows you to modify the income rate and thus the game's overall economy."
"GS_LIGHTEV";"Ambience"
"GS_LOSSDB";"This parameter allows you to choose the number of points needed for victory (per player in each team)."
"GS_LOSSDE";"Loss threshold"
"GS_LOSSEE";"For instance, if you choose 2,000 points and a 4v4 players match, your team will need 8,000 points to achieve victory."
"GS_OPPOSI";"Opposition"
"GS_OPPOSIB";"Select the type of opposition:
- NATO vs PACT
- NATO vs NATO
- PACT vs PACT"
"GS_SCORLIB";"This setting defines the score limit of the game."
"GS_SCORLIM";"SCORE LIMIT"
"GS_SPUBLI";"SET PUBLIC"
"GS_STARTRB";"This setting allows you to modify the amount of starting resources available during the deployment phase."
"GS_STARTRE";"Starting resources"
"GS_TIMELIB";"This setting defines the time limit of the game."
"GS_TIMELIM";"Time limit"
"GS_UPKEEP";"Command & Control"
"GS_UPKEEPB";"This setting allows you to limit the amount of units to be fielded simultaneously.
The higher the value you set, the more the income will be restricted with each new unit called in, thus intensifying the tactical aspect of the game.
The smaller the value, the less the income will be impacted. At 0%, reinforcement have no impact on income at all.
This prevents winning players from accumulating forces too quickly."
"GS_UPKEEPE";"Each unit deployed on the field lowers you command and control capacity. This reduces your income by a percentage corresponding to the cost of the reinforcements.
Note: LOG units are maintenance-free, while AIR units are only half the price."
"Gametype";"Game type"
"HAP_Badge";"ID BADGE"
"HAP_Level";"Level %1"
"HAP_Merit";"OFFICER RECORDS"
"HAP_name";"OFFICER NAME"
"HINT_EX_SP";"------------------------------------------------"
"HOST_IND";"[Host]"
"H_CLOSES";"Close slot"
"H_KICKP";"Kick player"
"HintTL";"The game ends when the timer finishes. The game will end beforehand if one of the teams reaches the winning score."
"LBY_HIDE";"HIDE"
"LBY_SHOW";"SHOW"
"LDB_FRNDS";"ADD TO FRIENDS"
"LDB_GRADE";"GRADE"
"LDB_NAME";"NAME"
"LDB_NBPLYR";"Number of players: %1"
"LDB_PFL";"VIEW PROFILE"
"LDB_RANK";"Rank"
"LOBBYWARN";"Special rule:"
"LOBPLAYCO";"%1 / %2"
"LOGIN_CON";"CONNECTING"
"LOGIN_WAI";"Please wait..."
"LP_Intro";"Your EugNet account allows you to play online
 and access social features, such as a friend list and online chat in Eugen Systems' games.

 If you don't have a EugNet account, click on CREATE"
"LS_Active";"ACTIVE"
"LS_DETAILS";"DETAILS"
"LS_Dur";"DURATION"
"LS_Name";"NAME"
"LS_Players";"PLAYERS"
"LS_Rating";"RATING"
"LS_Result";"RESULT"
"LS_Size";"SIZE"
"LS_Types";"TYPE(S)"
"LVLNOW";"#bleuvariable{%1}"
"MP_RANKED";"RANKED GAME"
"MSSCBTRUL";"Rule"
"MSSCBTRULh";"Indicates which rule is used by the scenario."
"MSSDENSIT";"Density"
"MSSDENSITh";"Indicates the density of defensive elements such as forests, cities,or buildings present on the battlefield."
"MSSLISSCEN";"Scenario list"
"MSSMAPSIZ";"Size"
"MSSMAPSIZF";"Map size"
"MSSMAPSIZh";"Specifies the size of the playable area in which the scenario takes place."
"MSSNAME";"Map name"
"MSSNBPLAY";"Players"
"MSSNBPLAYF";"Number of players"
"MSSNBPLAYh";"Specifies the number of players recommended for this scenario."
"MSSRANKED";"Ranked"
"MSSRANKEDF";"Ranked map"
"MSSRANKEDh";"Indicates if the scenario is competitive. If so, the scenario can be randomly chosen during a Ranked multiplayer match."
"MSSRIVERS";"Rivers"
"MSSRIVERSh";"Indicates if the scenario requires crossing a river to reach the enemy forces."
"M_CoAutSet";"Welcome to WARNO.

We will automatically optimize your graphic options for your computer. Your screen might flicker for a few seconds."
"M_LOADING";"Loading..."
"M_SAVING";"Saving..."
"NATO";"NATO"
"NBPLYRMAX";"/%1"
"NEXTLEVEL";"NEXT LEVEL: #bleuvariable{%1}"
"NRDY_SLOT";"Not Ready"
"NV_BACK";"BACK"
"NV_CREATE";"CREATE"
"NV_LEAVE";"LEAVE"
"NV_SELECT";"SELECT"
"OC_BL";"PLAYER MUTED [%1]"
"OC_BLCHAN";"CHANNEL MUTED [%1]"
"OC_CNTCTS";"RECENT CONTACTS [%1]"
"OC_FRIENDS";"FRIENDS ONLINE [%1]"
"OC_GLOBAL";"GLOBAL CHANNELS"
"OC_HADD";"Send a friend request to selected users in your recent contacts."
"OC_HCLR";"Clear the chat history."
"OC_HTADD";"ADD FRIEND"
"OC_HTBL";"MUTE"
"OC_HTCLR";"CLEAR SCREEN"
"OC_HTTBL";"Add (or remove) current lobby or selected player from your mute list. All incoming messages from that contact will be filtered out."
"OC_chan";"CHANGE CHANNEL"
"ODL_COPYBB";"Click to create a duplicate of one of your Battlegroups."
"ODL_COPYBT";"COPY A BATTLEGROUP"
"ODL_CREABB";"Click to create a new Battlegroup from scratch."
"ODL_CREABT";"CREATE A BATTLEGROUP"
"ODL_DckCod";"BG Code"
"ODL_EDITBB";"Click to open and modify one of your existing Battlegroups."
"ODL_EDITBT";"EDIT A BATTLEGROUP"
"ODL_EXPOBB";"Click to generate a special code to share one of your Battlegroups."
"ODL_EXPOBE";"You can share your Battlegroup with your friends or the community using this string of code. They can import the Battlegroup to their own list using this code."
"ODL_EXPOBT";"EXPORT A BATTLEGROUP"
"ODL_IMPOBB";"Click to add an external Battlegroup to your list using a special code."
"ODL_IMPOBE";"To import a Battlegroup, paste the string of code in the field and then name it."
"ODL_IMPOBT";"IMPORT A BATTLEGROUP"
"ODL_RENABB";"Click to rename a Battlegroup."
"ODL_RENABT";"RENAME A BATTLEGROUP"
"ODL_RMVBB";"Click to permanently remove a Battlegroup from your list."
"ODL_RMVBT";"DELETE A BATTLEGROUP"
"ODL_SELEBB";"Click to select the Battlegroup."
"ODL_SELEBT";"SELECT A BATTLEGROUP"
"ODO_ATFILB";"Click to automatically fill this Battlegroup with units."
"ODO_ATFILE";"This is an efficient way to create your first Battlegroup. You can also use this option to create a Battlegroup quickly, and then tweak unit composition manually. "
"ODO_ATFILT";"AUTOFILL BATTLEGROUP"
"ODO_DSORTB";"Click to sort the units of the Battlegroup by cost."
"ODO_DSORTT";"SORT BATTLEGROUP"
"OES_CNTINB";"Go back to your game."
"OES_CNTINT";"CONTINUE"
"OES_EXITB";"Exit this game. Any unsaved progress will be lost."
"OES_EXITT";"EXIT"
"OES_GUIDB";"Show the Manual for current game mode."
"OES_GUIDT";"Manual"
"OES_LOADB";"Load a previously saved game. It will end your current game."
"OES_LOADT";"LOAD GAME"
"OES_OPTNSB";"Go to the Options screen. This won't end your current game."
"OES_OPTNST";"OPTIONS"
"OES_RSTRTB";"Retry the mission from the beginning."
"OES_RSTRTT";"RESTART"
"OES_SAVEB";"Save this game. It won't end your current game."
"OES_SAVET";"SAVE GAME"
"OLB_ADDFDB";"Click to send a friend request to the selected player."
"OLB_ADDFDT";"ADD FRIEND"
"OLB_CNTRY";"NATION"
"OLB_INVICB";"Click to show an invite code that you can share with friends"
"OLB_LEAVEB";"Click to return to the previous screen."
"OLB_LEAVET";"LEAVE LOBBY"
"OLB_SWTCHB";"Click to switch from one team to another."
"OLB_SWTCHE";"You can also switch AI from one team to another."
"OLB_SWTCHT";"SWITCH TEAM"
"OPEN_SLOT";"Open"
"OP_GM_N";"Difficulty:"
"OP_NAME";"OPERATIONS"
"OP_PARAMS";"GAME PARAMETERS"
"OP_TITLE";"NAME"
"PACT";"PACT"
"PLUSFORMAT";"+ %1"
"QCK_PLAYN";"%1"
"QCK_Sep";"/"
"QCK_Tlt";"LIST OF QUICK SERVERS"
"QCK_type";"SERVER TYPE"
"RANKG_ELAP";"Elapsed time:"
"RANKG_SEAR";"Searching Ranked Game"
"READY_SLOT";"Ready"
"RGPD_BODYE";"#gras{PUBLISHED ON JULY 6, 2018}#gras{PLEASE READ THIS PRIVACY POLICY CAREFULLY}

Welcome to EUGEN SYSTEMS, a French video game company. This Privacy Policy explains our privacy commitment to our players and users of our Services (hereinafter ""#gras1{Users}""). This Privacy Policy is incorporated as part of the EUGEN SYSTEMS Terms of Use, accessible at [https://www.eugensystems.com].
 At EUGEN SYSTEMS, we collect personal data to support our products and services, while respecting all applicable laws, including but not limited to the Personal Information Protection and Electronic Documents Act (PIPEDA), and regulation (EU) 2016/679 of the European Parliament and of the Council of 27 April 2016, directly applicable from May, 25th, 2018 (hereinafter, ""General Data Protection Regulation"", or ""GDPR""). As defined in the GDPR, ""personal data"" means any information relating to an identified or identifiable natural person, directly or indirectly, in particular by reference to an identifier such as a name, an identification number, location data, an online identifier or to one or more factors specific to the physical, physiological, genetic, mental, economic, cultural or social identity of that natural person.By using EUGEN SYSTEMS’s services, you authorize EUGEN SYSTEMS SA to process your personal data according to this Privacy Policy. If you do not accept the terms of this Privacy Policy, please refrain from using our online games or our games’ online functionalities, our websites, our mobile apps and any other online EUGEN SYSTEMS products and services (hereinafter ""#gras1{Services}"").In accordance with this Privacy Policy, the Data controller is EUGEN SYSTEMS SA, with its headquarters at 151 rue Saint Denis, 75002, Paris, France.

#gras{Table of contents:}
1. When does EUGEN SYSTEMS collect your personal information?
2. What personal information does EUGEN SYSTEMS collect?
3. How does EUGEN SYSTEMS use my personal data?
4. For how long does EUGEN SYSTEMS keep my personal data?
5. With whom does EUGEN SYSTEMS share my personal data?
6. Does EUGEN SYSTEMS make my personal information public? Who can see my personal information?
7. Minors
8. What are my rights?
9. Privacy Policy changes
10. Contacts

#gras{1. WHEN DOES EUGEN SYSTEMS COLLECT YOUR PERSONAL INFORMATION?}
EUGEN SYSTEMS collects and processes your personal information at different times when you interact with our Services. Generally, personal information is collected when:
(a) you use a Service,
(b) you create an Account,
(c) you make a purchase within our Services,
(d) you create user generated content,
(e) you watch advertisements within our Services,
(f) you sign up for a newsletter,
g) you contact EUGEN SYSTEMS customer service and during technical support sessions,
(h) you chat with other users of the Services,
(i) you participate in a beta or otherwise download a patch or a demo,
or(j) you share or otherwise contribute to our social media channels or other community websites.Whatever the activity may be, we will only collect personal information to the extent necessary to provide you with the Services and fulfil your requests.

#gras{2. WHAT PERSONAL INFORMATION DOES EUGEN SYSTEMS COLLECT?}
#gras1{2.1 When you use EUGEN SYSTEMS services}
#gras1{2.1.1 While Browsing EUGEN SYSTEMS websites}
#gras1{Cookies.} EUGEN SYSTEMS uses cookies on the Services. A ""cookie"" is a small bit of record-keeping information that web sites often store on a user's computer. Cookies are not intended to include people's names, or other information that is directly identifiable; rather, they are typically used to quickly identify a user's device and to ""remember"" things about the user's visit. EUGEN SYSTEMS may set cookies for your web browser as you visit our websites, use our products, or visit a website where EUGEN SYSTEMS provides ads, content or analytics. For example, EUGEN SYSTEMS uses cookies to keep track of selected items in your shopping cart on our online store, and to remember your Account identifier. You can disable cookies or set your browser to alert you when cookies are being sent to your computer, although this may affect your ability to shop online or to access certain features of our Services. Each browser is different, so check the ""Help"" resources for your web browser to learn how to change your cookie preferences. In addition to EUGEN SYSTEMS using cookies on our network of websites, EUGEN SYSTEMS may allow certain partners to set and access their cookies on your computer. These companies’ use of cookies is subject to their own privacy policies, not the EUGEN SYSTEMS Privacy Policy. Please review them carefully. For more information about cookies, please see [http://www.allaboutcookies.org/ http://www.allaboutcookies.org].
#gras1{IP addresses.} EUGEN SYSTEMS also collects Internet Protocol (IP) addresses for safety and security reasons. An IP address is a number that is used by computers on the network to identify your computer every time you log on to the Internet.
#gras1{Other passively collected information.} While browsing our sites, EUGEN SYSTEMS may, on its own, or with the help of third party tools, collect non-personally identifiable information concerning your gaming hardware, habits, behaviors and use of our Services. EUGEN SYSTEMS collects such information to better adapt our Services to users’ interests, and for a better quality of our Services. The information collected may contain the following, without limitation: device unique identity, including MAC address, console, mobile, tablet and console unique identifier or other device identifiers and settings, internet provider, carrier, operating system, hardware information, localization information, date and time spent on the Services, game scores, game metrics, achievements, rankings, time played and statistics, feature usage, advertising conversion rates, monetization rate, purchase history and other similar information.
#gras1{2.1.2 Registering on a EUGEN SYSTEMS service}
To access certain Services, you will need a EUGEN SYSTEMS Account (“EugNet account”). During the creation of your Account, we will ask you to provide your user name, password, email address, date of birth (or age) and country of origin. This information is mandatory to create an Account. On other Services, EUGEN SYSTEMS may ask you additional personal information relevant to the Service such as your phone number, home address, or geo-location information.
#gras1{2.1.3 Creating a EUGEN SYSTEMS account}
By creating a EUGEN SYSTEMS Account, you agree to receive newsletter or adverts about EUGEN SYSTEMS products, services, and sales. You can unsubscribe at any time by:(a) clicking the unsubscribe link contained in all EUGEN SYSTEMS email marketing messages;(b) contacting [https://www.eugensystems.com/contact-our-support/ https://www.eugensystems.com/contact-our-support/] or eugsupport@eugensystems.com with your unsubscribe request; or(c) sending your unsubscribe request to EUGEN SYSTEMS, Attn: Privacy Rights Administrator c/o Legal Department, 151 rue Saint Denis, 75002, Paris, France.To access certain Services, you will need to give an additional consent to allow EUGEN SYSTEMS to share some of your personal data with third parties, such as companies or organizations, which provide services and products you may be interested in. In this case, you can unsubscribe from third parties’ communications through the mechanisms provided by the third party.
#gras1{2.1.4 Contacting EUGEN SYSTEMS}
EUGEN SYSTEMS may ask for your first name, family name, e-mail address and your date of birth to answer your demands to the EUGEN SYSTEMS Customer Support, to confirm any information or transaction on your EUGEN SYSTEMS account, and to give you information regarding the Services (for instance, if you lose your password or if we make changes to the Terms of Use).
#gras1{2.1.5 Participating to contests and sweepstakes}
EUGEN SYSTEMS may offer you the opportunity to participate in online surveys, questionnaires, contests and sweepstakes. To participate, you may need to provide your first name, your family name, e-mail address, date of birth, your address and country of residence. If you choose to participate in contests, sweepstakes, surveys and questionnaires, your personal data may be processed to allow you to participate, and for internal statistical use.
#gras1{2.1.6 Interacting on forums}
Whenever you participate or interact with other users on a forum, EUGEN SYSTEMS collects the content of your communications, the time and the location of your activities, as well as your online ID and your IP address.
#gras1{2.1.7 Social media and other third partie’s platforms}
EUGEN SYSTEMS may also collect personal information on third party social networks, platforms or services. By playing a EUGEN SYSTEMS game through a social network or other third party platform, or by connecting to such a third party network, platform or service via one of our products and/or Services, you authorize EUGEN SYSTEMS to (1) collect, store, and use, in accordance with this Privacy Policy, any and all personal information that you agreed the social network or third party platform could provide to EUGEN SYSTEMS based on your settings on the social network or platform, and (2) share any and all of your personal information with the social network or other third party platform, through the social network/third party platform’s Application Programming Interface (API). You agree to this sharing when you connect with the third party network, platform or service via our products and/or services, and/or when you connect with, ""accept"" or ""allow"" (or similar terms) one of our applications through a social network, or other third party platform or service.
#gras1{2.2 Whenever you play EUGEN SYSTEMS games}
#gras1{2.2.1 Registering when activating a EUGEN SYSTEMS game}
If you play EUGEN SYSTEMS games on a third-party console, your ID for this console will be disclosed to EUGEN SYSTEMS, in order to let EUGEN SYSTEMS create your EUGEN SYSTEMS Account. You must have a EUGEN SYSTEMS Account in order to access certain online features. From your console, EUGEN SYSTEMS receives your username and your password, your e-mail address, your date of birth, and your country of residence.
#gras1{2.2.2 Creation of user generated content}
Some Services give you access to tools in order to allow you to create and/or share unique content. This User-Generated Content may be collected by EUGEN SYSTEMS; this content may also contain your personal information or the personal information of others (for instance, your name, or a picture of you). Please exercise caution: EUGEN SYSTEMS is not liable for any negative consequences linked to your disclosure of User-generated content.
#gras1{2.2.3 In-game data collection}
Whenever you use the Services, EUGEN SYSTEMS may collect, store and process your in-game data, including but not limited to: your game scores, game metrics, achievements, rankings, time played and statistics, feature usage, advertising conversion rates, monetization rate, purchase history and other similar information. EUGEN SYSTEMS will use this information to improve the Services, to personalize them to your interests, and otherwise upgrade your gaming experience. Any information collected by EUGEN SYSTEMS in accordance with Article 1 of this Privacy Policy may also be used in an aggregated form to identify specific patterns regarding the use of our Services.
#gras1{2.3 Online payment}
For some Services, you may make purchases, whether you shop on EUGEN SYSTEMS websites or directly in-game. When you do this, you agree that EUGEN SYSTEMS may share your personal data with third parties, companies, or organizations, which may collect and process your personal data in order to effectuate online credit card transactions, delivery, discounts, and promotional gifts. To make a purchase on EUGEN SYSTEMS store and process your online payment, you may be asked to provide the following information to a payment provider: your first name, your family name, your address, your e-mail address, your country of residence and your banking details, i.e. your credit card number, the name of the credit card owner, the expiration date and security code. This information may be stored in EUGEN SYSTEMS’s premises, or, when relevant, in the third parties’ premises. Such storage is necessary to allow EUGEN SYSTEMS to manage internal accounts, checking, accounting, compliance, and for legal purposes, in accordance with Article 3 of this Privacy Policy. You may be asked to give your telecommunications provider’s name, your cell phone model, and a valid phone number in order to provide you with purchasing instructions directly via your cell phone.

#gras{3. HOW DOES EUGEN SYSTEMS USE MY PERSONAL DATA?}
The information you submit to our Services is collected and used by EUGEN SYSTEMS as set out in this Privacy Policy. In addition, EUGEN SYSTEMS may use the submitted information to answer your demands, to send your order confirmations and other information regarding your EUGEN SYSTEMS Account, to send you advertising or promotional materials, including information about special rebates, promotional offers and other events of interest, based on your preferences. We also use your personal information for our internal marketing and demographic studies, so we can constantly improve the Services we provide you and to better meet your needs.EUGEN SYSTEMS may have to duplicate some of your personal data within its databases for technical reasons, or for any other reason indicated in this Privacy Policy. EUGEN SYSTEMS may use your IP address and Console ID to enforce the EUGEN SYSTEMS Terms of Use. In case of misuse of the Services by any User, EUGEN SYSTEMS reserves the right to block such User’s EUGEN SYSTEMS Account, IP address or console ID, as provided by licensed console manufacturers. EUGEN SYSTEMS may use your date of birth or your age to control access to its forums and live chats, in accordance with the relevant laws. EUGEN SYSTEMS does not monitor all chat communications on its services. However, EUGEN SYSTEMS reserves the right, at its sole discretion and without notice, to modify or delete any communications on its service. EUGEN SYSTEMS may use all data collected in the forums and chat logs to enforce its Terms, to carry out its legal obligations, and to protect its rights and the rights and safety of its affiliated companies, users, and employees. Your information may be disclosed to any relevant judiciary or administrative entity, in accordance with the relevant legal provisions.
#gras1{3.1 Legal basis for your personal data collection and processing}
EUGEN SYSTEMS processes your personal data, wherever necessary:- To provide you with the Services (creation of your EUGEN SYSTEMS account, bug detection, fighting fraud, online payment, etc.)- To offer the best possible experience to users, and improve the Services (in-game data analytics, etc). It is in EUGEN SYSTEMS’s legitimate interest to process your data for these purposes.- To provide you with supplementary services (custom content, etc.). In such case, EUGEN SYSTEMS will ask for your consent before processing your personal data for this purpose.
#gras1{3.2 Security}
We take your privacy and the security of your personal information very seriously. To protect your personal information, EUGEN SYSTEMS maintains appropriate safeguards to ensure the security, integrity and privacy of the information you have provided. We use robust security measures to protect personal information from loss, misuse and alteration. We use industry-standard practices such as encrypted communications, physically secured rooms, firewalls and password protection systems to safeguard the confidentiality of your personal information. In addition, we take reasonable steps to assure that third parties who collect personal information on our behalf provide sufficient protection of personal information, in addition to requiring their compliance with this Privacy Policy at all times. Please note, we will notify Users of a data breach pursuant to applicable law. However, please note that no existing data transmission method on the web, or electronic storage, can guarantee the absolute security of your personal data. If your EUGEN SYSTEMS accounts and personal data are protected by a password, you are responsible for ensuring this password’s confidentiality. Please do not disclose this password. If you share a computer with other people, please consider disconnecting from your accounts before allowing others to use your computer. Services may contain links leading to third party websites, such as but not limited to social media sites. Whenever you click on a link leading to a third party’s website, you agree to leave EUGEN SYSTEMS Services as governed by this Privacy Policy, and you understand and agree that EUGEN SYSTEMS does not control such third party’s website. EUGEN SYSTEMS cannot guarantee that third parties’ websites will be governed by the same security and confidentiality obligations. EUGEN SYSTEMS is not liable for the use of your personal data by these third parties. Please consider checking privacy policies of any service provider you transfer your personal data to. DESPITE OUR REASONABLE EFFORTS TO KEEP YOUR PERSONAL INFORMATION SECURE, NO COMPANY CAN GUARANTEE THE SECURITY AND PRIVACY OF ITS SERVICES, INFORMATION AND OTHER DATA. OUR PRIVACY POLICIES AND PROCEDURES ARE ""AS IS"" AND EUGEN SYSTEMS MAKES NO REPRESENTATIONS AS TO THE FITNESS FOR A PARTICULAR PURPOSE OR MERCHANTABILITY.

#gras{4. FOR HOW LONG DOES EUGEN SYSTEMS KEEP MY PERSONAL DATA ?}
Unless relevant legal provisions mandate a different data retention period, EUGEN SYSTEMS will store your personal data only as long as necessary to process it according to this Privacy Policy. For instance, we may retain certain information after you close your account for a period of time needed to protect EUGEN SYSTEMS from legal claims. In this case, we will archive your personal data during the relevant statutory period of limitations.

#gras{5. WITH WHOM DOES EUGEN SYSTEMS SHARE MY PERSONAL INFORMATION?}
EUGEN SYSTEMS does not disclose your personal data to any third party without your prior consent.
#gras1{5.1 Sharing your personal data with third parties}
While browsing on EUGEN SYSTEMS website, or while using EUGEN SYSTEMS Services, external providers may collect your personal data for and on behalf of EUGEN SYSTEMS, and EUGEN SYSTEMS may share some of your personal data with these partners to allow the functioning of the Services. For example, these third parties may help deliver your purchases, provide discounts or offer products, promote the Services, perform electronic payment processing, and any other service that may be required by EUGEN SYSTEMS. External providers must comply with this Privacy Policy when collecting your personal data. These external providers will share your personal data with no one other than EUGEN SYSTEMS, and they may not use your data for their own independent marketing purposes, unless you consent to their privacy policy and terms directly.
#gras1{5.2 Sharing your personal data with government authorities}
In accordance with relevant laws, EUGEN SYSTEMS may have to disclose your personal data to a judiciary or administrative entity, whenever such disclosure is deemed necessary for protecting, challenging or enforcing the legal rights of EUGEN SYSTEMS, its Users, or third parties. Unless required by law, EUGEN SYSTEMS will not be required to notify you of any such disclosure.
#gras1{5.3 Sharing your personal data in case of mergers}
In the unlikely event EUGEN SYSTEMS’s business activities or shares are transferred partly or totally to any third party, such third parties may access your personal data. In this case, EUGEN SYSTEMS may also allow your personal data to be transferred to the acquiring third party.
#gras1{5.4 Business Information}
For practical reasons, we treat Personal Information submitted to us in a business capacity different from information we receive in a non-business capacity. Personal Information submitted to us in a business capacity (e.g. resumes) may be shared with third parties as described at the time of collection.

#gras{6. DOES EUGEN SYSTEMS MAKE MY PERSONAL INFORMATION PUBLIC? WHO CAN SEE MY PERSONAL INFORMATION?}
EUGEN SYSTEMS Services may offer a public profile feature (""Public Profile"") that allows you to publish information, including personal information, to the public Internet. Other than as stated on the applicable Public Profile site, the information you upload or input to your Public Profile will default to the privacy level you choose at sign-in, and you can choose to change the privacy settings at any time. By default, certain aspects of the Public Profile are set to ""public"". Those aspects of the Public Profile that are designated as ""public"" will be visible to everyone, potentially including people not registered within the EUGEN SYSTEMS environment, and may be indexed and displayed through public search engines when someone searches for you. If you post your personal information to a Public Profile, including a video, image or photo, you should be aware that these may be viewed, collected, copied and/or used by other users without your consent.We are not responsible for disclosure by other users of your Personal Information, including without limitation, videos, images or photos that you choose to make public on the EUGEN SYSTEMS Services. Also, please remember that the Personal Information you provide to us as part of your Public Profile may reveal or allow others to identify aspects of your life that you may not choose to state on your Public Profile directly (for example, your picture may reveal your gender). Certain Services may feature a friend finder tool. By using our friend finder tools, you acknowledge that these tools will help you find your contacts, and will also allow your contacts to associate your EUGEN SYSTEMS Account, other EUGEN SYSTEMS accounts (if any), and related gaming entitlements, including games played on PC, mobile and console platforms with your social networking profile and/or email address. Your resulting friends' list, which may be accessible across EUGEN SYSTEMS’s sites, will be subject to this Privacy Policy. Note that the friends that you choose to include on your friend list may be able to find and/or identify you in the context of different EUGEN SYSTEMS products and Services, and may see the profiles and information you have made visible to them or to everyone. Similarly, EUGEN SYSTEMS may also collect or receive information about you from other EUGEN SYSTEMS users who choose to upload their emails and other contacts. This information will be stored by us and used primarily to help you and your friends connect.

#gras{7. MINORS}
Unless stated specifically to the contrary in a given Service, our Services are not intended for children, and EUGEN SYSTEMS will not request any Personal Information from children. For games that are not directed at children but nonetheless likely to appeal to younger players, we take additional steps to limit access to these Services on age grounds, and limit data collection for underage players to only what is necessary to support the internal operations of the Service.In certain jurisdictions, for we may allow a child to register for specific Services with parental approval. In these circumstances, we will take additional steps to protect the child’s privacy, by notifying the parent about our information practices with regard to children, and asking for consent before processing their child’s personal information. Parents may delete their child's account, change their child's privacy settings, or access and modify their child’s personal data at any time by contacting customer support at https://www.eugensystems.com/contact-our-support/.In all cases, use of the Services by Children must take place under the responsibility of their parents or legal guardians and any use of the Services is assumed to have been validated by them. AS FAR AS IS PERMITTED BY APPLICABLE LEGISLATION, EUGEN SYSTEMS DECLINES ANY RESPONSIBILITY REGARDING ANY ACTIVITIES WHICH MAY BE CONDUCTED BY CHILDREN WITHOUT THE PERMISSION OF THEIR PARENTS OR LEGAL GUARDIANS.IF YOU ARE A PARENT OR LEGAL GUARDIAN AND YOU GIVE YOUR PERMISSION FOR YOUR CHILD TO REGISTER FOR ONE OR OTHER OF THE SERVICES, YOU THEREBY AGREE TO THE TERMS RELATING TO USE OF THE SERVICES BY YOUR CHILD.

#gras{8. WHAT ARE MY RIGHTS?}
You have a right to access, rectify, erase, object, or restrict processing for all your personal data processed by EUGEN SYSTEMS, as well as the right of data portability. You can exercise these rights or terminate your EUGEN SYSTEMS account by writing to EUGEN SYSTEMS customer support, via the following website : [https://www.eugensystems.com/contact-our-support/ https://www.eugensystems.com/contact-our-support/]. EUGEN SYSTEMS will answer your request within a month following the receipt of your demand. EUGEN SYSTEMS reserves the right to extend this delay up to three months if it necessary regarding the complexity of your demand, or based on the number of demands we receive. In such case, we will inform you of this extension within a month following the receipt of your demand. For any data processing activity requiring your consent (cookies, behavioral advertising…etc), you may withdraw your consent at any time. This withdrawal does not affect the lawfulness of any previous processing. You may also address any complaint to the national supervisory authority of your country.
#gras1{Do not Track:} EUGEN SYSTEMS does not currently respond to Do Not Track (DNT) settings in your browser.

#gras{9. PRIVACY POLICY CHANGES}
EUGEN SYSTEMS reserves the right to modify this Privacy Policy at any time. As a result, please consider checking this Privacy Policy from time to time. Your use of the Services after EUGEN SYSTEMS changed this Privacy Policy shall signify that you agree with these changes. If you do not accept changes made to this Privacy Policy, please refrain from using the Services.

#gras{10. CONTACTS}
For any question related to your personal data processing and this Privacy Policy, please contact EUGEN SYSTEMS at the following address: eugsupport@eugensystems.com.You can also write us at the address below:EUGEN SYSTEMS. Attn: Privacy Rights Administrator c/o Legal Department151 rue Saint Denis, 75002, Paris, France.Please be assured that any Personal Information that you provide in communications to the above email and postal mail addresses will not be used to send you promotional materials, unless you request it."
"RGPD_TITLE";"EUGEN SYSTEMS PRIVACY POLICY"
"RL_Recov";"RECOVER"
"SGP_CAMP";"ARMY GENERAL"
"SGP_CLOUD";"CLOUD"
"SGP_COPY";"COPY"
"SGP_DATE";"DATE"
"SGP_DELETE";"DELETE"
"SGP_INST";"Use Shift+Click to select a range of save files or Ctrl+Click to select/deselect individual save files"
"SGP_LAUNCH";"LAUNCH"
"SGP_MAP";"MAP"
"SGP_MODE";"MODE"
"SGP_NAME";"NAME"
"SGP_NBSAV";"Number of saves: %1"
"SGP_RENAME";"RENAME"
"SGP_SKIR";"SKIRMISH"
"SGP_TUTO";"TUTORIALS"
"SP_BATTLET";"BATTLES"
"SP_CAMPXP";"Campaign XP"
"SP_CMPGAM";"Campaigns played"
"SP_CMPNATO";"Campaign played as NATO"
"SP_CMPPACT";"Campaign played as PACT"
"SP_CMPT";"Campaign stats"
"SP_CMPVIC";"Victories"
"SP_DETAILT";"Level XP Details"
"SP_LEVELT";"RANK"
"SP_LSTPLY";"Last game played"
"SP_LVL";"LEVEL"
"SP_MLTDEF";"Defeats"
"SP_MLTDRA";"Draws"
"SP_MLTGAM";"Multiplayer games"
"SP_MLTNATO";"Games with NATO"
"SP_MLTPACT";"Games with PACT"
"SP_MLTRAT";"Victory Ratio"
"SP_MLTVIC";"Victories"
"SP_NEXTLVL";"Next level in"
"SP_NORMXP";"Multiplayer XP"
"SP_OVERANK";"Overall ranking"
"SP_PLYARMO";"Armory"
"SP_PLYCAMP";"Army General"
"SP_PLYCHAL";"Operations"
"SP_PLYCMP";"SOLO"
"SP_PLYGRA";"Grade"
"SP_PLYLVL";"Player level"
"SP_PLYMENU";"Menus"
"SP_PLYMLT";"MULTIPLAYER"
"SP_PLYMULT";"Multiplayer games"
"SP_PLYRANK";"Ranked games"
"SP_PLYRNK";"RANK"
"SP_PLYRPL";"Replays"
"SP_PLYSKIR";"Skirmish games"
"SP_PLYSKR";"SKIRMISH"
"SP_PLYTUTO";"Tutorials"
"SP_PLY_T";"Total"
"SP_RANKT";"RANK"
"SP_RANKXP";"Ranked XP"
"SP_RATDIF";"Grade rating range"
"SP_RATING";"Rating"
"SP_RNKDEF";"Defeats"
"SP_RNKDRA";"Draws"
"SP_RNKNATO";"Ranked Games with NATO"
"SP_RNKPACT";"Ranked Games with PACT"
"SP_RNKRAT";"Victory Ratio"
"SP_RNKVIC";"Victories"
"SP_SKIRXP";"Skirmish XP"
"SP_SKTDEF";"Defeats"
"SP_SKTDRA";"Draws"
"SP_SKTGAM";"Skirmish games"
"SP_SKTIAS";"VICTORIES AGAINST AI"
"SP_SKTNATO";"Games with NATO"
"SP_SKTPACT";"Games with PACT"
"SP_SKTRAT";"Victory Ratio"
"SP_SKTVAI1";"Very Easy AI"
"SP_SKTVAI2";"Easy AI"
"SP_SKTVAI3";"Medium AI"
"SP_SKTVAI4";"Hard AI"
"SP_SKTVAI5";"Very Hard AI"
"SP_SKTVAI6";"Hardest AI"
"SP_SKTVIC";"Victories"
"SP_SRTDIVT";"Division played in multiplayer games"
"SP_STST";"Tactical battle stats"
"SP_TIMET";"Playing time"
"SP_TOTALXP";"Total XP"
"SP_TREND";"Trend"
"SP_TSTGAM";"Number of battles"
"SP_TSTNATO";"Battles with NATO"
"SP_TSTPACT";"Battles with PACT"
"SP_USAGET";"USAGE"
"SRV_AUTH";"SERVER AUTHENTIFICATION"
"SR_DISCARD";"DISCARD"
"SR_MSGERRC";"Your battlegroup must contains at least one command unit to be valid."
"SR_MSGERRO";"Your battlegroup is empty."
"SR_MSGMOUT";"This mod is outdated and can't be activated. You can request an update by contacting the creator of the mod."
"SR_MSGSAVE";"You have pending changes in your battlegroup. Do you want to save them?"
"SR_MSGWARN";"You can add more units. Do you want to stop editing your battlegroup?"
"SR_SAVE";"SAVE"
"SR_TTLERRO";"ERROR"
"SR_TTLSAVE";"SAVE CHANGES"
"SR_TTLWARN";"WARNING"
"Spectate";"Allow spectating"
"TOTALXP";"TOTAL XP: #bleuvariable{%1}"
"TWOVALFORM";"%1 - %2"
"T_CHGPSUDO";"CHANGE NICKNAME"
"T_CrAcc";"Create Eugen Account"
"T_FRIENDS";"FRIENDS"
"T_HOST";"HOST GAME"
"T_INVITCM";"Share this invite code with a friend so that they can join your game"
"T_INVITCOD";"Invite code"
"T_INVITE";"Invite Friends"
"T_LDB";"LEADERBOARD"
"T_LEVEL";"LEVEL"
"T_LEVELUP";"LEVEL UP"
"T_LINKACC";"Link Eugen Account"
"T_MODCENT";"MOD CENTER"
"T_NAME";"NAME"
"T_NBFRIEND";"%1/%2"
"T_PAGE";"PAGE"
"T_RANKED";"RANKED GAME"
"T_REPLAY";"REPLAYS"
"TosApprov";"I confirm that I have read and understood Eugen Systems' Terms of Use and Privacy Policy and that I accept them"
"TosPrivPol";"Privacy Policy"
"TosUse";"Terms of Use"
"Val_Always";"Yes, Always"
"Val_NoMaj";"NO"
"Val_YesMaj";"YES"
"WARNING";"WARNING"
"btn_launch";"Launch the battle"
"cnewpass";"Confirm new password"
"cycli_b";"Change the lighting conditions. Click to cycle through different lighting settings."
"cycli_t";"Lighting"
"de_sc";"SECTION CONFIGURATION"
"div_BGB";"Displays the customizable name of Battlegroup"
"div_alliB";"The Alliance to which the division belongs"
"div_alliE";"Alliances are:
-NATO: includes nations such as #turquoise{United States, Great Britain, France, West Germany, etc.}.
- WARSAW PACT: includes nations such as #turquoise{Soviet Union, East Germany, Poland, etc.}."
"div_counB";"Displays the flag of the nation to which the division belongs"
"div_embB";"The insignia of the division"
"div_embE";"Some divisions do not have a specific insignia"
"div_nameB";"The historical name of the division"
"div_typeB";"The type of division"
"gameName";"Game name"
"gameVisibi";"Game visibility"
"harmb";"The Armory lets you view and study in detail all the units featured in WARNO. This menu also allows you to create and customize your Battlegroups."
"harmt";"Armory"
"hmodb";"In the Mod Center you can enable, remove, modify, and browse game modifications created by the community."
"hmodt";"Mod Center"
"hmultib";"Play online. You will also find a Friends List, a Server browser, the option to Create or Join games, Ranked matches, and Leaderboards."
"hmultit";"Multiplayer"
"hoptionb";"The Options menus allow you to configure the game's settings in great detail. You can change and modify Gameplay, Interface, Controls, Video, and Audio settings."
"hoptiont";"Options"
"hprofileb";"In the Player Profile menu you can change your in-game nickname. You can check your detailed game statistics across all game modes."
"hprofilet";"Personal Profile"
"hsolob";"Play offline. In the Solo menu you can access all the single-player modes. This includes the Tutorials, scripted Operations, strategic Army General campaigns, and tactical Skirmish mode. In Load, you can find all your Saved games, including Replays of past battles."
"hsolot";"Solo"
"login";"Login"
"msnameh";"Indicates the map used in the battle"
"new_AG";"ARMY GENERAL"
"newpass";"New password"
"onlineP";"PLAYERS"
"password";"Password"
"pseudo";"Player name"
"rankic_";"Indicates the level"
"scenlist";"Click to open the scenario list"
"seldiv";"SELECT YOUR DIVISION"
"selectC";"SELECT AN AVAILABLE CHANNEL"
"sg_am";"SELECT UNIT COUNT"
"tuto_list";"TUTORIAL LIST"
